101,,1,ACRILYC TOWER PAINT,35,28.6,10,01,0101,10,50,0,1
102,,1,SEMI-GLOSS,35,28.6,10,01,0102,6,30,0,1
103,,1,ENAMEL SEAL PAINT,35,28.6,10,01,0103,5,0,0,1
104,,1,SANTINADA,23,16.6,10,01,0104,4,30,0,1
105,,1,EPOXICA,18,11.6,10,01,0105,0,0,0,1
107,,1,BASE SATINADA,15,8.6,10,01,0107,4,20,0,1
108,,1,ANTI-OXIDO,23,16.6,10,01,0108,0,0,0,1
109,,1,NEW HOUSE,26,19.6,10,01,0109,4,20,0,1
201,,2,ACRILICA MATE HOUSE PAINT,10,3.6,0,02,0201,0,0,0,1
202,,2,ACRILICA S/GLOSS CONTRACTOR,14,7.6,0,02,0202,0,0,0,1
203,,2,SATINADA,14,7.6,0,02,0203,0,0,0,1
206,,2,ANTI-OXIDO 53,15,8.6,0,02,0206,0,0,0,10
208,,2,PINTURA P/TRAFICO,13,6.6,0,02,0208,0,0,0,10
209,,2,EPOXICA,18,11.6,0,02,0209,0,0,0,10
210,,2,ESMALTE INDUSTRIAL,10,3.6,0,02,0210,0,0,0,10
212,,2,BARNIZ / COLORWOOD,15,8.6,0,02,0212,0,0,0,10
213,,2,LACA / SANDING SEALER,15,8.6,0,02,0213,0,0,0,10
214,,2,DISOLVENTES,15,8.6,0,02,0214,0,0,0,10
215,,2,BASE ACRILICA MATE,15,8.6,0,02,0215,0,0,0,4
216,,2,COLORANTE COLORTREND,15,8.6,0,02,0216,0,0,0,10
301,,3,ACRILICA MATE POPULAR,13,6.6,0,03,0301,0,0,0,1
302,,3,ACRILICA S/GLOSS POPULAR,12,5.6,0,03,0302,0,0,0,10
303,,3,SATINADA,14,7.6,0,03,0303,0,0,0,10
304,,3,ESMALTE POPULAR,10,3.6,0,03,0304,0,0,0,10
305,,3,ESMALTE INDUSTRIAL,13,6.6,0,03,0305,0,0,0,10
306,,3,ANTI-OXIDO,13,6.6,0,03,0306,0,0,0,10
308,,3,AUTOMOTRICES,18,11.6,0,03,0308,0,0,0,10
310,,3,DISOLVENTES,13,6.6,0,03,0310,0,0,0,10
311,,3,BARNICES Y TINTES,20,13.6,0,03,0311,0,0,0,10
312,,3,LACA Y SANDING SEALER,15,8.6,0,03,0312,0,0,0,10
313,,3,IMPERMEABILIZANTE POPULAR,20,13.6,0,03,0313,0,0,0,10
314,,3,EPOXICA,18,11.6,0,03,0314,0,0,0,10
315,,3,TRAFICO,11,4.6,0,03,0315,0,0,0,10
316,,3,BASE ACRILICA MATE,15,8.6,0,03,0316,0,0,0,4
318,,3,COLORANTE,15,8.6,0,03,0318,0,0,0,10
401,,4,MOSS AND MOULD KILLER,20,13.6,0,04,0401,0,0,0,10
402,,4,PRIMER,20,13.6,0,04,0402,0,0,0,10
403,,4,PRODUCTOS A PRUEBA DE AGUA,20,13.6,0,04,0403,0,0,0,10
404,,4,BASE LUSTRACRYL,20,13.6,0,04,0404,0,0,0,10
405,,4,BASE ENAMACRYL,20,13.6,0,04,0405,0,0,0,10
406,,4,REVESTIMIENTOS TRANSPARENTES,20,13.6,0,04,0406,0,0,0,10
407,,4,DISOLVENTES,20,13.6,0,04,0407,0,0,0,10
407,,4,DISOLVENTES,20,13.6,0,04,0407,0,0,0,10
408,,4,BASE LUMBERSIDER,20,13.6,0,04,0408,0,0,0,3
409,,4,TERMINACION,20,13.6,0,04,0409,0,0,0,10
410,,4,PINTURAS P/EFECTOS,20,13.6,0,04,0410,0,0,0,10
411,,4,BARNIZ RESISTENTE A RAYOS U.V.,20,13.6,0,04,0411,0,0,0,10
412,,4,ANTI-OXIDO,20,13.6,0,04,0412,0,0,0,10
414,,4,COLORANTE,20,13.6,0,04,0414,0,0,0,10
501,,5,ACRILICA MATE,13,6.6,0,05,0501,0,0,0,2
502,,5,ACRILICA S/GLOSS,18,11.6,0,05,0502,0,0,0,2
503,,5,PINTURA ECONOMICA,13,6.6,0,05,0503,0,0,0,2
504,,5,ESMALTE,15,8.6,0,05,0504,0,0,0,2
505,,5,ANTI-OXIDO,15,8.6,0,05,0505,0,0,0,2
506,,5,PINTURA P/TRAFICO,15,8.6,0,05,0506,0,0,0,2
507,,5,PINTURA TEXTURIZADA,20,13.6,0,05,0507,0,0,0,2
507,,5,PINTURA TEXTURIZADA,20,13.6,0,05,0507,0,0,0,2
508,,5,EPOXICA,18,11.6,0,05,0508,0,0,0,2
509,,5,DISOLVENTES,15,8.6,0,05,0509,0,0,0,2
601,,6,BASE S/GLOSS,15,8.6,0,06,0601,0,0,0,2
601,,6,BASE S/GLOSS,15,8.6,0,06,0601,0,0,0,2
602,,6,BASE ESMALTE,15,8.6,0,06,0602,0,0,0,2
602,,6,BASE ESMALTE,15,8.6,0,06,0602,0,0,0,2
603,,6,ESMALTE,15,8.6,0,06,0603,0,0,0,2
605,,6,IMPERMEABILIZANTE,20,13.6,0,06,0605,0,0,0,2
605,,6,IMPERMEABILIZANTE,20,13.6,0,06,0605,0,0,0,2
606,,6,ANTI-OXIDO,15,8.6,0,06,0606,0,0,0,2
607,,6,BASE ACRILICA,15,8.6,0,06,0607,0,0,0,2
608,,6,LACA Y BARNIZ,20,13.6,0,06,0608,0,0,0,2
609,,6,COLORANTES,15,8.6,0,06,0609,0,0,0,2
701,,7,EPOXICO MASTIC MULTIUSO,0,0,0,07,0701,20,100,0,1
703,,7,ESPECIAL TIES,0,0,0,07,0703,20,100,0,10
704,,7,PRIMER RICO EN ZINC,0,0,0,07,0704,20,100,0,10
705,,7,URETANO ALIFATICO ACRILICO,0,0,0,07,0705,20,100,0,10
706,,7,ESMALTE BASE AGUA,0,0,0,07,0706,20,100,0,10
707,,7,PRIMER ALQUIDICO RAPIDO SECADO,0,0,0,07,0707,20,100,0,10
708,,7,DEVPREF,0,0,0,07,0708,20,100,0,10
709,,7,DEVRAN,0,0,0,07,0709,20,100,0,10
710,,7,EPOXICO ALTO CUERPO Y SOLIDOS,0,0,0,07,0710,20,100,0,10
711,,7,HIDDORCARBON EPOXICO,0,0,0,07,0711,20,100,0,10
712,,7,OTROS,0,0,0,07,0712,20,100,0,10
713,,7,SILICONA MODIFICADA CON ZINC,0,0,0,07,0713,20,100,0,10
714,,7,DEVOE MULTI-PUR,0,0,0,07,0714,20,100,0,10
715,,7,AROMA P/PINTURA,0,0,0,07,0715,20,100,0,10
716,,7,PRIMER SELLADOR PENETRANTE,0,0,0,07,0716,20,100,0,10
717,,7,TRAFFIC PAINT,0,0,0,07,0717,20,100,0,10
718,,7,AQUAPOXY,0,0,0,07,0718,20,100,0,10
801,,8,RECUBRIMIENTO EPOXICO,0,0,0,08,0801,0,0,0,10
802,,8,BASES INDUSTRIALES Y MARINAS,0,0,0,08,0802,0,0,0,10
803,,8,TERMINACIONES INDUSTRIALES,0,0,0,08,0803,0,0,0,10
804,,8,PRIMER RICO EN ZINC,0,0,0,08,0804,0,0,0,10
805,,8,ALTA TEMPERATURA,0,0,0,08,0805,0,0,0,10
901,,9,OVER COAT,0,0,0,09,0901,0,0,0,2
902,,9,PRIMERS,0,0,0,09,0902,0,0,0,2
903,,9,ESMALTES AUTOMOTRICES,0,0,0,09,0903,0,0,0,2
904,,9,ESMALTE MONOCAPA,0,0,0,09,0904,0,0,0,2
905,,9,LACA AUTOMOTRICES,0,0,0,09,0905,0,0,0,2
906,,9,URETANOS,0,0,0,09,0906,0,0,0,2
907,,9,DISOLVENTES Y REDUCTORES,0,0,0,09,0907,0,0,0,2
1001,,10,PEGAMENTO,0,0,0,10,1001,20,100,0,10
1002,,10,ADITIVO,0,0,0,10,1002,20,100,0,10
1003,,10,SELLADOR,0,0,0,10,1003,20,100,0,10
1004,,10,MASILLA,0,0,0,10,1004,20,100,0,8
1005,,10,PINTURAS P/PISOS,0,0,0,10,1005,20,100,0,10
1006,,10,ANTICORROSIVO,0,0,0,10,1006,20,100,0,10
1007,,10,PINTURA P/TRAFICO,0,0,0,10,1007,20,100,0,10
1101,,11,IMPRIMIADORES Y TOP COATS,0,0,0,11,1101,20,100,0,10
1102,,11,REPELENTE DE AGUA,0,0,0,11,1102,20,100,0,10
1103,,11,PINTURA P/PISOS,0,0,0,11,1103,20,100,0,10
1201,,12,IMPERMEABILIZANTE,0,0,0,12,1201,0,0,0,10
1202,,12,PINTURA ELASTOMERICA,0,0,0,12,1202,0,0,0,10
1203,,12,SELLALO TODO,0,0,0,12,1203,0,0,0,10
1204,,12,MASILLA  P/MADERA,0,0,0,12,1204,0,0,0,8
1205,,12,MASILA P/CONCRETO SILICONIZADA,0,0,0,12,1205,0,0,0,10
1206,,12,PRODUCTOS P/MADERA,0,0,0,12,1206,0,0,0,10
1207,,27,ROMA,0,0,0,,,0,0,0,2
1208,,12,HERRAMIENTAS,0,0,0,12,1208,0,0,0,10
1209,,12,PEGAMENTOS Y POLVOS,0,0,0,12,1209,0,0,0,10
1210,,12,MASILLA JOINT COMPOUND,0,0,0,12,1210,0,0,0,1
1211,,12,MASILLA P/MADERA,0,0,0,12,1211,0,0,0,8
1212,,12,SELLADORES P/MADERA,0,0,0,12,1212,0,0,0,10
1401,,14,ACABADOS AL AGUA,0,0,0,14,1401,0,0,0,3
1402,,14,FONDOS POLIURETANO,0,0,0,14,1402,0,0,0,3
1403,,14,TINTES,0,0,0,14,1403,0,0,0,3
1404,,14,BARNICES,0,0,0,14,1404,0,0,0,10
1501,,15,MOTAS,0,0,0,15,1501,0,0,0,11
1502,,15,PORTAROLO,0,0,0,15,1502,0,0,0,11
1503,,15,BANDEJA,0,0,0,15,1503,0,0,0,11
1504,,15,EXTENSION,0,0,0,15,1504,0,0,0,11
1505,,15,CEPILLO DE ALAMBRE,0,0,0,15,1505,0,0,0,11
1506,,15,KIT,0,0,0,15,1506,0,0,0,11
1507,,15,PISTOLAS,0,0,0,15,1507,0,0,0,11
1508,,15,BYP VARIOS,0,0,0,15,1508,0,0,0,11
1509,,15,ESCALERAS,0,0,0,15,1509,300,0,0,11
1510,,15,CINTA Y MASKING TAPE,0,0,0,15,1510,0,0,0,11
1511,,15,BROCHAS,0,0,0,15,1511,0,0,0,11
1512,,15,ESPATULAS,0,0,0,15,1512,0,0,0,11
1513,,15,EQUIPOS,0,0,0,15,1513,0,0,0,11
1514,,15,LIJAS,0,0,0,15,1514,0,0,0,11
1515,,15,EXHIBIDORES,0,0,0,15,1515,0,0,0,11
1601,,16,QUICKSTYLE LAMINADO SUPREME 7M,0,0,0,16,1601,0,0,0,0
1602,,16,QUICKSTYLE LAMINADO MONTE CARL,0,0,0,16,1602,0,0,0,0
1603,,16,QUICKSTYLE LAMINADO VIENNA 10M,0,0,0,16,1603,0,0,0,0
1604,,16,QUICKSTYLE LAMINADO PIONNER 12,0,0,0,16,1604,0,0,0,0
1605,,16,QUICKSTYLE ENG. WOOD,0,0,0,16,1605,0,0,0,0
1606,,16,QUICKSTYLE SOLID WOOD,0,0,0,16,1606,0,0,0,0
1607,,16,QUICKSTYLE REDUCER,0,0,0,16,1607,0,0,0,0
1608,,16,QUICKSTYLE TRANSICION T-EXP.,0,0,0,16,1608,0,0,0,0
1609,,16,FOAM,0,0,0,16,1609,0,0,0,0
1801,,18,AGUARRAS,0,0,0,18,1801,0,0,0,10
1802,,18,RETARDADOR,0,0,0,18,1802,0,0,0,10
1803,,18,THINNER,0,0,0,18,1803,0,0,0,10
1804,,18,TREMENTINA,0,0,0,18,1804,0,0,0,10
1805,,18,CARBOSOTA,0,0,0,18,1805,0,0,0,10
1901,,19,BORDES,0,0,0,19,1901,0,0,0,10
1902,,19,PAPEL VINYL,0,0,0,19,1902,0,0,0,10
2001,,20,CERA,0,0,0,20,2001,20,20,0,3
2002,,20,AROMAS,0,0,0,20,2002,20,20,0,10
2003,,20,RETARDADOR,0,0,0,20,2003,20,20,0,10
2004,,20,ESTUCOS,0,0,0,20,2004,20,40,0,10
2005,,20,RECOL FORJA,0,0,0,20,2005,20,40,0,10
2006,,20,RECOL VARIOS,0,0,0,20,2006,20,40,0,10
2007,,20,METALIZADOS,0,0,0,20,2007,20,40,0,10
2008,,20,TRANSPARENCIAS,0,0,0,20,2008,20,40,0,10
2009,,20,VINILO METALICS,0,0,0,20,2009,20,40,0,10
2101,,21,HARRIS SPRAY,0,0,0,21,2101,0,0,0,0
2102,,21,W&N OLEOS,0,0,0,21,2102,0,0,0,0
2103,,21,HERRAMIENTAS VARIAS,0,0,0,21,2103,0,0,0,0
2104,,21,MASKING TAPE TCM,0,0,0,21,2104,0,0,0,0
2105,,21,PINCELES,0,0,0,21,2105,0,0,0,0
2106,,21,CLAUDETTE PRODUCTOS EMBOTELLAD,0,0,0,21,2106,0,0,0,0
2108,,21,JUEGOS,0,0,0,21,2108,0,0,0,0
2109,,21,ATLAS BROCHAS,0,0,0,21,2109,0,0,0,0
2110,,21,ATLAS MINI ROLO,0,0,0,21,2110,0,0,0,0
2111,,21,ATLAS MOTA,0,0,0,21,2111,0,0,0,0
2112,,21,ATLAS EXTENSIONES,0,0,0,21,2112,0,0,0,0
2113,,21,PISTOLAS,0,0,0,21,2113,0,0,0,0
2114,,21,ATLAS PORTAROLO,0,0,0,21,2114,0,0,0,0
2115,,21,ATLAS BANDEJAS,0,0,0,21,2115,0,0,0,0
2116,,21,ATLAS CEPILLOS Y GUALLOS,0,0,0,21,2116,0,0,0,0
2117,,21,ATLAS ESPATULAS,0,0,0,21,2117,0,0,0,0
2118,,21,ESCALERAS,0,0,0,21,2118,0,0,0,0
2119,,21,PEGAMENTOS Y POLVOS,0,0,0,21,2119,0,0,0,0
2120,,21,LONAS,0,0,0,21,2120,0,0,0,0
2121,,21,ENVASES PLASTICOS,0,0,0,21,2121,0,0,0,0
2122,,21,CEMENTO UNIVERSAL,0,0,0,21,2122,0,0,0,0
2123,,21,PROTECCION PERSONAL,0,0,0,21,2123,0,0,0,0
2126,,21,NORTON LIJA P/FERRE,0,0,0,21,2126,0,0,0,0
2126,,21,NORTON LIJA P/FERRE,0,0,0,21,2126,0,0,0,0
2127,,21,SILOX LIJA FLEX REX,0,0,0,21,2127,0,0,0,0
2129,,21,GRINCO LIJAS,0,0,0,21,2129,0,0,0,0
2132,,21,FLAKES,0,0,0,21,2132,0,0,0,0
10101,,1,ACRILYC TOWER PAINT COLORES PO,28,21.6,10,01,010101,10,50,0,1
10102,,1,SEALMORE ARTHUR PAINT,32,25.6,10,01,010102,6,30,0,1
10303,,1,ENAMEL SEAL INDUSTRIAL,12,5.6,10,01,010303,5,0,0,1
10304,,1,ESMALTE AUTOMOTRIZ,12,5.6,10,01,010304,5,0,0,1
21601,,2,COLORANTE SISTEMA MULTICOLOR,15,8.6,0,02,020101,0,0,0,10
20101,,2,ACRILICA MATE POSITIVOS,15,8.6,0,02,020101,0,0,0,10
20102,,2,ULTRATEX,12,5.6,0,02,020102,0,0,0,10
20103,,2,ACRITEX,16,9.6,0,02,020103,0,0,0,10
20207,,2,ESMALTE HOUSE PAINT,14,7.6,0,02,020207,0,0,0,10
20402,,2,TEXTUCOTE,15,8.6,0,02,020402,0,0,0,10
20403,,2,PASTA RELIEVE,15,8.6,0,02,020403,0,0,0,10
20404,,2,REVETEX STANDAR O GRUESO,13,6.6,0,02,020404,0,0,0,10
20404,,2,REVETEX STANDAR O GRUESO,13,6.6,0,02,020404,0,0,0,10
20501,,2,DRY SEAL,15,8.6,0,02,020501,0,0,0,10
20502,,2,IMPERMEABILIZANTE TROPICAL,20,13.6,0,02,020502,0,0,0,10
20601,,2,FRESH CEMENT PRIMER,13,6.6,0,02,020601,0,0,0,10
20602,,2,ANTI-OXIDO AAA,13,6.6,0,02,020602,0,0,0,10
20602,,2,ANTI-OXIDO AAA,13,6.6,0,02,020602,0,0,0,10
20801,,2,PERLA REFLECTIVA,15,8.6,0,02,020801,0,0,0,10
21001,,2,ESMALTE RES/CALOR,15,8.6,0,02,021001,0,0,0,10
21002,,2,ESMALTE BRONCE / DORADO,15,8.6,0,02,021002,0,0,0,10
21003,,2,ESMALTE ALUMINIO,15,8.6,0,02,021003,0,0,0,10
21004,,2,ESMALTE P/NEVERA,15,8.6,0,02,021004,0,0,0,10
21005,,2,ESMALTE FLUORESCENTE,15,8.6,0,02,021005,0,0,0,10
21006,,2,ESMALTE SEC/HORNO,15,8.6,0,02,021006,0,0,0,10
21007,,2,ESMALTE FERRO,15,8.6,0,02,021007,0,0,0,10
21101,,2,FLEX REX,15,8.6,0,02,021101,0,0,0,10
21102,,2,RELLENO,15,8.6,0,02,021102,0,0,0,10
21501,,2,BASE SEMI/GLOSS,15,8.6,0,02,021501,0,0,0,4
21502,,2,BASE ESMALTE C/BRITO,15,8.6,0,02,021502,0,0,0,4
21503,,2,BASE ESMALTE MATE,15,8.6,0,02,021503,0,0,0,4
21605,,2,OTROS,15,8.6,0,02,021605,0,0,0,10
30101,,3,ACRILICA MATE POSITIVOS,10,3.6,0,03,030101,0,0,0,10
30102,,3,LATEX,13,6.6,0,03,030102,0,0,0,10
30103,,3,DURATEX,13,6.6,0,03,030103,0,0,0,10
30402,,3,ESMALTE P/NEVERA,16,9.6,0,03,030402,0,0,0,10
31601,,3,BASE ACRILICA S/GLOSS,15,8.6,0,03,031601,0,0,0,4
31602,,3,BASE SATINADA,15,8.6,0,03,031602,0,0,0,4
31603,,3,BASE ESMALTE,15,8.6,0,03,031603,0,0,0,4
40801,,4,BASE AMBIENT,20,13.6,0,04,040801,0,0,0,10
50102,,5,ACRILICA MATE POSITIVOS,15,8.6,0,05,050102,0,0,0,2
60101,,6,ACRILICA MATE POSITIVOS,15,8.6,0,06,060101,0,0,0,2
60102,,6,ACRILICA MATE PREMIUM,15,8.6,0,06,060102,0,0,0,2
60103,,6,ACRILICA MATE ECONOMICA,15,8.6,0,06,060103,0,0,0,2
60104,,6,ACRILICA MATE PROYECTO,15,8.6,0,06,060104,0,0,0,2
60201,,6,ACRILICA S/GLOSS,15,8.6,0,06,060201,0,0,0,2
70101,,7,EPOXICO ALTOS SOLIDOS,0,0,0,07,070101,20,100,0,10
70102,,7,EPOXICA ALMACENAJE LIQUIDOS,0,0,0,07,070102,20,100,0,10
210201,,21,GEORGIAN OLEOS,0,0,0,21,210201,0,0,0,0
210212,,21,ABRO SPRAY,0,0,0,21,210212,0,0,0,0
211001,,21,ATLAS ROLO,0,0,0,21,211001,0,0,0,0
211003,,21,MASKING TAPE ABRO,0,0,0,21,211003,0,0,0,0
212001,,21,LANILLAS Y ESTOPA,0,0,0,21,212001,0,0,0,0
212601,,21,SILOX ESMERIL,0,0,0,21,212601,0,0,0,0
212702,,21,MASKING TAPE 3M,0,0,0,21,212702,0,0,0,0
212703,,21,MASKING TAPE EUROCEL,0,0,0,21,212703,0,0,0,0
212801,,21,ANFLEX PIEDRAS,0,0,0,21,212801,0,0,0,0
212802,,21,PIEDRA CHINA,0,0,0,21,212802,0,0,0,0
212803,,21,PIEDRA AMERCANA,0,0,0,21,212803,0,0,0,0
212901,,21,NORTON LIJA DE AGUA,0,0,0,21,212901,0,0,0,0
212902,,21,BMA LIJAS,0,0,0,21,212902,0,0,0,0
213001,,21,NORTON DISCO,0,0,0,21,213001,0,0,0,0
213002,,21,SILOX DISCO,0,0,0,21,213002,0,0,0,0
213215,,21,CANO,0,0,0,21,213215,0,0,0,0
213218,,21,PRODUCTOS VARIOS,0,0,0,21,213218,0,0,0,0
201101,,2,ACRILICA MATE DECORATOR,13,6.6,0,02-1,02-101,0,0,0,10
201102,,2,ACRILICA S/GLOSS TROPICAL,13,6.6,0,02-1,02-102,0,0,0,1
201103,,2,ESMALTE DECORATOR,13,6.6,0,02-1,02-103,0,0,0,10
201104,,2,BASES SATINADAS,13,6.6,0,02-1,02-104,0,0,0,4
201105,,2,IMPERMEABILIZANTE DECORATOR,13,6.6,0,02-1,02-105,0,0,0,10
201106,,2,PRIMER,13,6.6,0,02-1,02-106,0,0,0,10
201107,,2,COLORANTE,13,6.6,0,02-1,02-107,0,0,0,10
202201,,2,ACRILICA MATE CONTRACTOR,12,5.6,0,02-2,02-201,0,0,0,1
202202,,2,ACRILICA S/GLOSS DECORATOR,12,5.6,0,02-2,02-202,0,0,0,1
202203,,2,ESMALTE CONTRACTOR,12,5.6,0,02-2,02-203,0,0,0,1
202204,,2,PINTURA TEXTURIZADA,12,5.6,0,02-2,02-204,0,0,0,10
301101,,3,ACRILICA MATE DECORAL,13,6.6,0,03-1,03-101,0,0,0,10
301102,,3,ACRILICA S/GLOSS DECORAL,15,8.6,0,03-1,03-102,0,0,0,10
301103,,3,ESMALTE DECORAL,18,11.6,0,03-1,03-103,0,0,0,10
301104,,3,IMPERMEABILIZANTE DECORAL,20,13.6,0,03-1,03-104,0,0,0,10
4201,,42,EPOXY,0,0,0,03-1,03-105,20,100,0,3
160121,,16,FPBOIS PARQUES DE MADERA,0,0,0,16-2,16-21,0,0,0,0
160222,,16,FPBOIS TINTAS P/PISOS DE MADER,0,0,0,16-2,16-22,0,0,0,0
16041,,30,KRONOSWISS PRESTIGE 7MM,0,0,0,16-4,16-41,0,0,0,2
16042,,30,KRONOSWISS NOBLESSE 8MM,0,0,0,16-4,16-42,0,0,0,2
16043,,30,KRONOSWISS PLANK ELITE 10MM,0,0,0,16-4,16-43,0,0,0,2
16044,,30,KRONOSWISS REDUCER,0,0,0,16-4,16-44,0,0,0,2
16045,,30,KRONOSWISS T-MOLDING ZAMMA,0,0,0,16-4,16-45,0,0,0,2
50101,,5,PRIMER,13,6.6,0,,,0,0,0,2
60701,,6,BASE ACRILICA,15,8.6,0,,,0,0,0,2
60702,,6,BASE S/GLOSS,15,8.6,0,,,0,0,0,2
60703,,6,BASE ESMALTE,15,8.6,0,,,0,0,0,2
721,,22,SUPERGUARD BASE,0,0,0,,,20,100,0,10
110,,1,ACRILICA EXTERIOR,0,0,0,,,10,50,0,0
111,,1,ACRILICA INTERIOR,0,0,0,,,10,50,0,0
112,,1,ACRILICA PREMIUM,0,0,0,,,10,50,0,0
113,,1,PRIMER ACRILICO,0,0,0,,,10,50,0,0
2401,,24,ACRILICA PREMIUM,0,0,0,,,25,125,0,1
2402,,24,ACRILICA EXTERIOR,0,0,0,,,25,125,0,1
2403,,24,ACRILICA INTERIOR,0,0,0,,,25,125,0,1
2404,,24,PRIMER ACRILICO,0,0,0,,,25,125,0,1
2405,,24,SEMIGLOSS,0,0,0,,,25,125,0,1
2301,,23,VALSPAR,0,0,0,,,100,100,100,2
3101,,31,SEYER,0,0,0,,,0,0,0,10
2901,,29,WATERPROOF MEMBRANE,0,0,0,,,50,0,0,2
2010,,20,SAHARA,0,0,0,,,20,40,0,3
2011,,20,RECOLTEX,0,0,0,,,20,40,0,10
3501,,35,ACCESORIOS,0,0,0,,,0,0,0,2
3401,,34,ABRASIVOS,0,0,0,,,0,0,0,2
3601,,36,MISCELANEOS,0,0,0,,,0,0,0,2
3301,,33,TARRACO,0,0,0,,,0,0,0,2
2601,,26,MOHAWK,0,0,0,,,0,0,0,2
3001,,30,KRONOSWISS,0,0,0,,,0,0,0,2
2201,,22,SUPERGUARD FLAT,0,0,0,,,20,100,0,1
2202,,22,SUPERGUARD SATIN,0,0,0,,,20,100,0,1
2203,,22,ROCKET ENAMEL,0,0,0,,,20,100,0,1
2204,,22,ADVANCED SEALER,0,0,0,,,20,100,0,1
2205,,22,COLORANTES AKZONOBEL,0,0,0,,,20,100,0,3
2501,,25,KEMIKO,0,0,0,,,0,0,0,2
16046,,30,KRONOSWISS SKIRTING BOARD,0,0,0,,,0,0,0,2
16047,,30,KRONOSWISS SCRAPE,0,0,0,,,0,0,0,2
1301,,13,40 KGB,0,0,0,,,0,0,0,3
1302,,13,GRANULADO,0,0,0,,,0,0,0,3
1303,,13,PRIMER,0,0,0,,,0,0,0,3
1304,,13,PINTURA ALUMINIO,0,0,0,,,0,0,0,3
3701,,37,SURE KRETE,0,0,0,,,0,0,0,2
202205,,2,WALLLBOARD,0,0,0,,,0,0,0,5
1213,,12,8+9,0,0,0,,,0,0,0,10
722,,7,PRE PRIME,0,0,0,,,20,100,0,3
723,,7,DEVGUARD 4160,0,0,0,,,20,100,0,3
724,,7,DEVRAN 201,0,0,0,,,20,100,0,3
725,,7,BAR RUST 235,0,0,0,,,20,100,0,3
726,,7,DEVTHANE 389,0,0,0,,,20,100,0,3
727,,7,DEVTHANE 379,0,0,0,,,20,100,0,3
806,,8,RUST ARREST,0,0,0,,,0,0,0,3
807,,8,500,0,0,0,,,0,0,0,3
808,,8,ARMOURBOUND,0,0,0,,,0,0,0,3
1008,,10,ELASTOSEAL,0,0,0,,,20,100,0,1
1009,,10,PROFLEX,0,0,0,,,20,100,0,1
1010,,10,METAL PRO,0,0,0,,,20,100,0,1
1011,,10,GRIPPER,0,0,0,,,20,100,0,1
1012,,10,FDC,0,0,0,,,20,100,0,1
1013,,10,BLUE BOND,0,0,0,,,20,100,0,1
1014,,10,SABAKRETE,0,0,0,,,20,100,0,1
1104,,11,ORIGINAL,0,0,0,,,20,100,0,1
1105,,11,MULTISURFACE,0,0,0,,,20,100,0,1
1106,,11,COMMERCIAL GRADE,0,0,0,,,20,100,0,1
1107,,11,EPOXY SEAL,0,0,0,,,20,100,0,1
1108,,11,SHOW ROOM FINISH,0,0,0,,,20,100,0,1
1109,,11,CONCRETE COLORS,0,0,0,,,20,100,0,1
1214,,12,DRY COAT,0,0,0,,,0,0,0,1
1215,,12,SILICONIZER,0,0,0,,,0,0,0,1
1216,,12,ULTRA SILICONIZER,0,0,0,,,0,0,0,1
1217,,12,URETHANIZER,0,0,0,,,0,0,0,1
1218,,12,SILICONES,0,0,0,,,0,0,0,7
1219,,12,MASILLAS,0,0,0,,,0,0,0,8
1220,,12,PRIMERS,0,0,0,,,0,0,0,9
1405,,14,ACABADOS POLIURETANO,0,0,0,,,0,0,0,3
1406,,14,IMPRIMANTES,0,0,0,,,0,0,0,3
2012,,20,PLASTER,0,0,0,,,20,40,0,3
1516,,15,ABRASIVOS,0,0,0,,,0,0,0,3
2902,,29,SDM,0,0,0,,,25,50,0,0
3801,,38,USO INTERNO,0,0,0,,,0,0,0,0
4202,,42,ALTA TEMPERATURA,0,0,0,,,20,100,0,3
301106,,22,SUPERGUARD FLAT SEMI-GLOSS,0,0,0,,,20,100,0,0
4203,,42,POLIURETANO,0,0,0,,,20,100,0,3
43,,43,SUMINISTRO LIMPIEZA Y COCINA,0,0,0,,,0,0,0,0
301107,,43,SUMINISTRO OFICINA,0,0,0,,,0,0,0,0
4204,,42,SOLVENTE,0,0,0,,,20,100,0,3
46,,45,ACRILICA ECONOMICA,0,0,0,,,25,125,0,0
301108,,46,PROCOAT,35,0,0,,,14,70,1000,2
301109,,40,GRANIPLAST,0,0,0,,,0,0,0,2
301110,,50,ARMSTRONG,0,0,0,,,0,0,0,2
301111,,48,VALREC,0,0,0,,,0,0,0,3
4205,,42,ACABADO,0,0,0,,,20,100,0,3
4206,,42,ACABADO URETANO,0,0,0,,,20,100,0,3
9,,9,POWER RIDER,0,0,0,,,0,0,0,3
4207,,42,PRIMER,0,0,0,,,20,100,0,3
4208,,42,DISOLVENTE,0,0,0,,,20,100,0,3
5102,,51,SELLADOR,0,0,0,,,0,0,0,3
5101,,51,IMPERMEABILIZANTE,0,0,0,,,0,0,0,3
1306,,13,EDIL,0,0,0,,,0,0,0,3
5201,,52,HARRIS,0,0,0,,,0,0,0,3
728,,7,EPOXY,0,0,0,,,20,100,0,3
729,,7,PRIMER,0,0,0,,,20,100,0,3
730,,7,ACABADO ACR,0,0,0,,,20,100,0,3
731,,7,ACABADO POLIURETANO,0,0,0,,,20,100,0,3
732,,7,DISOLVENTE,0,0,0,,,20,100,0,3
1221,,12,LANCO,0,0,0,,,0,0,0,3
5103,,51,CANO,0,0,0,,,0,0,0,3
1407,,14,VALRESA,0,0,0,,,0,0,0,3
1015,,10,BULLBOND,0,0,0,,,20,100,0,3
809,,8,COLORANTES,0,0,0,,,0,0,0,3
810,,8,COATINGS,0,0,0,,,0,0,0,3
5301,,53,ARTHUR PAINT,0,0,0,,,0,0,0,3
1010,,1,ESMALTE,0,0,0,,,10,50,0,3
5401,,54,GRACO,0,0,0,,,0,0,0,3
5501,,55,COLOR YELLOW,0,0,0,,,0,0,0,3
5601,,56,TEXTURIZADA,0,0,0,,,0,0,0,3
5701,,24,Super Seal FLoor,0,0,0,,,25,125,1000,3
5701,,57,ROJO PINTURA,0,0,0,,,0,0,0,3
5702,,57,BLANCO SECANTE,0,0,0,,,0,0,0,3
5701,,57,ACABADO,0,0,0,,,0,0,0,3
114,,1,POSITIVOS ATP,35,28,10,,,4,20,0,3
4601,,46,COLORES POSITIVOS,0,0,0,,,20,100,1000,3
5801,,58,KIT WHITE,0,0,0,,,0,0,0,3
5901,,59,MIEL,0,0,0,,,0,0,0,3
5902,,59,NEGRO,0,0,0,,,0,0,0,3
6001,,60,8+9,0,0,0,,,0,0,0,0
4301,,43,RESINA P/ PINTURA,0,0,0,,,0,0,0,0
0,,0,ACRILYC TOWER PAINT,0,0,0,,,0,0,0,0
0,,0,ACRILYC TOWER PAINT COLORES PO,0,0,0,,,0,0,0,0
0,,0,POSITIVOS ATP,0,0,0,,,0,0,0,0
0,,0,PROCOAT,0,0,0,,,0,0,0,0
0,,0,COLORES POSITIVOS,0,0,0,,,0,0,0,0
0,,0,ACRILYC TOWER PAINT,0,0,0,,,0,0,0,0
0,,0,ACRILYC TOWER PAINT COLORES PO,0,0,0,,,0,0,0,0
0,,0,POSITIVOS ATP,0,0,0,,,0,0,0,0
0,,0,PROCOAT,0,0,0,,,0,0,0,0
0,,0,COLORES POSITIVOS,0,0,0,,,0,0,0,0
510,,5,SATINADA,0,0,0,,,0,0,0,2