id,code,name,parent_id/id,user_type/id,type,reconcile
"marcos_l10n_do.default_chart_a_account_1","0","Your Company","","account.data_account_type_view","Vista","False"
"marcos_l10n_do.default_chart_a_account_2","1","Activos","marcos_l10n_do.default_chart_a_account_1","account.account_type_asset_view1","Vista","False"
"marcos_l10n_do.default_chart_a_account_3","11","Activos Corrientes","marcos_l10n_do.default_chart_a_account_2","account.account_type_asset_view1","Vista","False"
"marcos_l10n_do.default_chart_a_account_4","111","Efectivo en Caja","marcos_l10n_do.default_chart_a_account_3","account.account_type_asset_view1","Vista","False"
"marcos_l10n_do.default_chart_a_account_5","111010","Caja Chica","marcos_l10n_do.default_chart_a_account_4","account.account_type_asset_view1","Vista","False"
"marcos_l10n_do.default_chart_a_account_165","11101002","Caja Chica","marcos_l10n_do.default_chart_a_account_4","account.data_account_type_cash","Liquidez","False"
"marcos_l10n_do.default_chart_a_account_170","111030","Caja","marcos_l10n_do.default_chart_a_account_4","account.account_type_asset_view1","Vista","False"
"marcos_l10n_do.default_chart_a_account_172","11103001","Efectivo en caja","marcos_l10n_do.default_chart_a_account_4","account.data_account_type_cash","Liquidez","False"
"marcos_l10n_do.default_chart_a_account_173","11103002","Cheques en caja","marcos_l10n_do.default_chart_a_account_170","account.data_account_type_cash","Liquidez","False"
"marcos_l10n_do.default_chart_a_account_174","11103003","Diferencia en caja","marcos_l10n_do.default_chart_a_account_170","account.data_account_type_cash","Liquidez","False"
"marcos_l10n_do.default_chart_a_account_176","11103005","Caja en transito","marcos_l10n_do.default_chart_a_account_170","account.data_account_type_cash","Liquidez","False"
"marcos_l10n_do.default_chart_a_account_7","112","Efectivo en Bancos","marcos_l10n_do.default_chart_a_account_3","account.account_type_asset_view1","Vista","False"
"marcos_l10n_do.default_chart_a_account_9","112020","Banco Popular","marcos_l10n_do.default_chart_a_account_7","account.data_account_type_bank","Liquidez","False"
"marcos_l10n_do.default_chart_a_account_180","112021","Cheques en transito Banco Popular","marcos_l10n_do.default_chart_a_account_7","account.data_account_type_bank","Liquidez","False"
"marcos_l10n_do.default_chart_a_account_181","112022","Operaciones en transito Banco Popular","marcos_l10n_do.default_chart_a_account_7","account.data_account_type_bank","Liquidez","False"
"marcos_l10n_do.default_chart_a_account_177","112030","Pagos electronicos","marcos_l10n_do.default_chart_a_account_7","account.account_type_asset_view1","Vista","False"
"marcos_l10n_do.default_chart_a_account_179","11203003","Visanet","marcos_l10n_do.default_chart_a_account_177","account.data_account_type_bank","Liquidez","False"
"marcos_l10n_do.default_chart_a_account_12","113","Cuentas por Cobrar","marcos_l10n_do.default_chart_a_account_3","account.account_type_asset_view1","Vista","False"
"marcos_l10n_do.default_chart_a_account_13","113010","Cuentas por Cobrar Clientes","marcos_l10n_do.default_chart_a_account_12","account.data_account_type_receivable","A cobrar","True"
"marcos_l10n_do.default_chart_a_account_14","113020","Cuentas por Cobrar Funcionarios y Empleados","marcos_l10n_do.default_chart_a_account_12","account.data_account_type_receivable","A cobrar","False"
"marcos_l10n_do.default_chart_a_account_15","113030","Otras Cuentas por Cobrar","marcos_l10n_do.default_chart_a_account_12","account.data_account_type_receivable","A cobrar","False"
"marcos_l10n_do.default_chart_a_account_707","113040","Pendientes de conciliar","marcos_l10n_do.default_chart_a_account_12","account.data_account_type_asset","Regular","False"
"marcos_l10n_do.default_chart_a_account_716","113060","Gastos Pagados Por Adelantado","marcos_l10n_do.default_chart_a_account_12","account.data_account_type_asset","Regular","False"
"marcos_l10n_do.default_chart_a_account_16","114","Inventarios","marcos_l10n_do.default_chart_a_account_3","account.account_type_asset_view1","Vista","False"
"marcos_l10n_do.default_chart_a_account_17","114010","Mercancias","marcos_l10n_do.default_chart_a_account_16","account.data_account_type_asset","Regular","False"
"marcos_l10n_do.default_chart_a_account_18","114020","Materia Prima","marcos_l10n_do.default_chart_a_account_16","account.data_account_type_asset","Regular","False"
"marcos_l10n_do.default_chart_a_account_19","114030","Productos en procesos","marcos_l10n_do.default_chart_a_account_16","account.data_account_type_asset","Regular","False"
"marcos_l10n_do.default_chart_a_account_20","114040","Productos terminados","marcos_l10n_do.default_chart_a_account_16","account.data_account_type_asset","Regular","False"
"marcos_l10n_do.default_chart_a_account_21","115","Gastos Pagados por Adelantados","marcos_l10n_do.default_chart_a_account_3","account.account_type_asset_view1","Vista","False"
"marcos_l10n_do.default_chart_a_account_22","115010","Seguros","marcos_l10n_do.default_chart_a_account_21","account.data_account_type_asset","Regular","False"
"marcos_l10n_do.default_chart_a_account_23","115020","Placas y Patentes","marcos_l10n_do.default_chart_a_account_21","account.data_account_type_asset","Regular","False"
"marcos_l10n_do.default_chart_a_account_24","115030","I.S.R.","marcos_l10n_do.default_chart_a_account_21","account.data_account_type_asset","Regular","False"
"marcos_l10n_do.default_chart_a_account_25","115040","Intereses cobrados por adelantados","marcos_l10n_do.default_chart_a_account_21","account.data_account_type_asset","Regular","False"
"marcos_l10n_do.default_chart_a_account_26","115050","Otros","marcos_l10n_do.default_chart_a_account_21","account.data_account_type_asset","Regular","False"
"marcos_l10n_do.default_chart_a_account_27","12","Activos Fijos","marcos_l10n_do.default_chart_a_account_2","account.account_type_asset_view1","Vista","False"
"marcos_l10n_do.default_chart_a_account_28","121000","Terrenos (Activos no despreciable)","marcos_l10n_do.default_chart_a_account_27","account.account_type_asset_view1","Vista","False"
"marcos_l10n_do.default_chart_a_account_29","122000","Edificio (Categoría 1)","marcos_l10n_do.default_chart_a_account_27","account.account_type_asset_view1","Vista","False"
"marcos_l10n_do.default_chart_a_account_30","123000","Mobiliario y Equipos de Oficina (Categoria 2)","marcos_l10n_do.default_chart_a_account_27","account.account_type_asset_view1","Vista","False"
"marcos_l10n_do.default_chart_a_account_182","123100","Mobiliario y Equipos de Oficina","marcos_l10n_do.default_chart_a_account_30","account.data_account_type_asset","Regular","False"
"marcos_l10n_do.default_chart_a_account_183","123200","Deprec. Acumulada Mobiliario y Equipos de Oficina","marcos_l10n_do.default_chart_a_account_30","account.data_account_type_asset","Regular","False"
"marcos_l10n_do.default_chart_a_account_186","124000","Equipos de Cómputos y Telecomunicaciones (Categoría 2)","marcos_l10n_do.default_chart_a_account_27","account.account_type_asset_view1","Vista","False"
"marcos_l10n_do.default_chart_a_account_184","124100","Equipos de Cómputos y Telecomunicaciones","marcos_l10n_do.default_chart_a_account_186","account.data_account_type_asset","Regular","False"
"marcos_l10n_do.default_chart_a_account_185","124200","Deprec. Acumulada Equipos de Cómputos y Telecomunicaciones","marcos_l10n_do.default_chart_a_account_186","account.data_account_type_asset","Regular","False"
"marcos_l10n_do.default_chart_a_account_189","125000","Equipos de Transporte (Categoría 2)","marcos_l10n_do.default_chart_a_account_27","account.account_type_asset_view1","Vista","False"
"marcos_l10n_do.default_chart_a_account_187","125100","Equipos de Transporte Livianos","marcos_l10n_do.default_chart_a_account_189","account.data_account_type_asset","Regular","False"
"marcos_l10n_do.default_chart_a_account_188","125200","Deprec. Acumulada Equipos de Transporte Livianos","marcos_l10n_do.default_chart_a_account_189","account.data_account_type_asset","Regular","False"
"marcos_l10n_do.default_chart_a_account_190","125300","Equipos de Transporte Pesados","marcos_l10n_do.default_chart_a_account_189","account.data_account_type_asset","Regular","False"
"marcos_l10n_do.default_chart_a_account_191","125400","Deprec. Acumulada Equipos de Transporte Pesados","marcos_l10n_do.default_chart_a_account_189","account.data_account_type_asset","Regular","False"
"marcos_l10n_do.default_chart_a_account_192","126000","Maquinarias y Equipos","marcos_l10n_do.default_chart_a_account_27","account.account_type_asset_view1","Vista","False"
"marcos_l10n_do.default_chart_a_account_193","127000","Otros Activos Despreciables (Categoría 3)","marcos_l10n_do.default_chart_a_account_27","account.account_type_asset_view1","Vista","False"
"marcos_l10n_do.default_chart_a_account_194","127100","Otros Activos Depreciables","marcos_l10n_do.default_chart_a_account_193","account.data_account_type_asset","Regular","False"
"marcos_l10n_do.default_chart_a_account_195","127200","Deprec. Acumulada Otros Activos Depreciables","marcos_l10n_do.default_chart_a_account_193","account.data_account_type_asset","Regular","False"
"marcos_l10n_do.default_chart_a_account_199","128000","Mejoras en Propiedad Arrendada (Categoría 3)","marcos_l10n_do.default_chart_a_account_27","account.account_type_asset_view1","Vista","False"
"marcos_l10n_do.default_chart_a_account_197","128100","Mejoras en Propiedad Arrendada","marcos_l10n_do.default_chart_a_account_199","account.data_account_type_asset","Regular","False"
"marcos_l10n_do.default_chart_a_account_198","128200","Amortización Mejoras en Propiedad Arrendada","marcos_l10n_do.default_chart_a_account_199","account.data_account_type_asset","Regular","False"
"marcos_l10n_do.default_chart_a_account_202","129000","Activos Fijos en Proceso (Categoría 3)","marcos_l10n_do.default_chart_a_account_27","account.account_type_asset_view1","Vista","False"
"marcos_l10n_do.default_chart_a_account_200","129100","Terreno en Proceso de Capitalización","marcos_l10n_do.default_chart_a_account_202","account.data_account_type_asset","Regular","False"
"marcos_l10n_do.default_chart_a_account_201","129200","Edificio en Proceso de Capitalización","marcos_l10n_do.default_chart_a_account_202","account.data_account_type_asset","Regular","False"
"marcos_l10n_do.default_chart_a_account_203","129400","Equipos de Cómputos y Telecom. en Proceso de Instalación","marcos_l10n_do.default_chart_a_account_202","account.data_account_type_asset","Regular","False"
"marcos_l10n_do.default_chart_a_account_204","129500","Equipos de Transporte en Proceso de Liquidación","marcos_l10n_do.default_chart_a_account_202","account.data_account_type_asset","Regular","False"
"marcos_l10n_do.default_chart_a_account_205","129700","Otros Activos Depreciables en Proceso de Instalación","marcos_l10n_do.default_chart_a_account_202","account.data_account_type_asset","Regular","False"
"marcos_l10n_do.default_chart_a_account_37","13","Activos Diferidos","marcos_l10n_do.default_chart_a_account_2","account.account_type_asset_view1","Vista","False"
"marcos_l10n_do.default_chart_a_account_38","131000","Mejoras Propiedad Arrendadas","marcos_l10n_do.default_chart_a_account_37","account.data_account_type_asset","Regular","False"
"marcos_l10n_do.default_chart_a_account_39","132000","Gastos de Organizacion","marcos_l10n_do.default_chart_a_account_37","account.data_account_type_asset","Regular","False"
"marcos_l10n_do.default_chart_a_account_40","133000","Gastos Legales","marcos_l10n_do.default_chart_a_account_37","account.data_account_type_asset","Regular","False"
"marcos_l10n_do.default_chart_a_account_41","14","Inversiones","marcos_l10n_do.default_chart_a_account_2","account.account_type_asset_view1","Vista","False"
"marcos_l10n_do.default_chart_a_account_42","141000","Acciones","marcos_l10n_do.default_chart_a_account_41","account.data_account_type_asset","Regular","False"
"marcos_l10n_do.default_chart_a_account_43","142000","bonos","marcos_l10n_do.default_chart_a_account_41","account.data_account_type_asset","Regular","False"
"marcos_l10n_do.default_chart_a_account_44","143000","Bienes Muebles e Inmuebles","marcos_l10n_do.default_chart_a_account_41","account.data_account_type_asset","Regular","False"
"marcos_l10n_do.default_chart_a_account_45","15","Otros Activos","marcos_l10n_do.default_chart_a_account_2","account.account_type_asset_view1","Vista","False"
"marcos_l10n_do.default_chart_a_account_46","151000","Fianzas","marcos_l10n_do.default_chart_a_account_45","account.data_account_type_asset","Regular","False"
"marcos_l10n_do.default_chart_a_account_47","152000","Depositos","marcos_l10n_do.default_chart_a_account_45","account.data_account_type_asset","Regular","False"
"marcos_l10n_do.default_chart_a_account_48","153000","Codetel","marcos_l10n_do.default_chart_a_account_45","account.data_account_type_asset","Regular","False"
"marcos_l10n_do.default_chart_a_account_49","154000","CDEEE","marcos_l10n_do.default_chart_a_account_45","account.data_account_type_asset","Regular","False"
"marcos_l10n_do.default_chart_a_account_50","155000","CAASD","marcos_l10n_do.default_chart_a_account_45","account.data_account_type_asset","Regular","False"
"marcos_l10n_do.default_chart_a_account_51","156000","Telecable Nacional","marcos_l10n_do.default_chart_a_account_45","account.data_account_type_asset","Regular","False"
"marcos_l10n_do.default_chart_a_account_719","157000","Obras de Arte","marcos_l10n_do.default_chart_a_account_45","account.data_account_type_asset","Regular","False"
"marcos_l10n_do.default_chart_a_account_52","16","DGII","marcos_l10n_do.default_chart_a_account_2","account.account_type_asset_view1","Vista","False"
"marcos_l10n_do.default_chart_a_account_53","161000","ITBIS Pagado en compras","marcos_l10n_do.default_chart_a_account_52","account.data_account_type_asset","Regular","False"
"marcos_l10n_do.default_chart_a_account_54","162000","Anticipos ISR","marcos_l10n_do.default_chart_a_account_52","account.data_account_type_asset","Regular","False"
"marcos_l10n_do.default_chart_a_account_55","163000","ITBIS retenido cobros con tarjetas","marcos_l10n_do.default_chart_a_account_52","account.data_account_type_asset","Regular","False"
"marcos_l10n_do.default_chart_a_account_56","164000","ITBIS Pagado en importaciones","marcos_l10n_do.default_chart_a_account_52","account.data_account_type_asset","Regular","False"
"marcos_l10n_do.default_chart_a_account_57","165000","ITBIS por servicios deducibles","marcos_l10n_do.default_chart_a_account_52","account.data_account_type_asset","Regular","False"
"marcos_l10n_do.default_chart_a_account_58","2","Pasivos","marcos_l10n_do.default_chart_a_account_1","account.account_type_liability_view1","Vista","False"
"marcos_l10n_do.default_chart_a_account_59","21","Pasivos Corrientes","marcos_l10n_do.default_chart_a_account_58","account.account_type_liability_view1","Vista","False"
"marcos_l10n_do.default_chart_a_account_60","211","Cuentas por Pagar","marcos_l10n_do.default_chart_a_account_59","account.account_type_liability_view1","Vista","False"
"marcos_l10n_do.default_chart_a_account_61","211010","Suplidores","marcos_l10n_do.default_chart_a_account_60","account.data_account_type_payable","A pagar","True"
"marcos_l10n_do.default_chart_a_account_62","211020","Proveedores","marcos_l10n_do.default_chart_a_account_60","account.data_account_type_payable","A pagar","True"
"marcos_l10n_do.default_chart_a_account_63","211030","Instituciones Estatales","marcos_l10n_do.default_chart_a_account_60","account.data_account_type_payable","A pagar","False"
"marcos_l10n_do.default_chart_a_account_64","211040","Prestamos por Pagar","marcos_l10n_do.default_chart_a_account_60","account.data_account_type_payable","Regular","False"
"marcos_l10n_do.default_chart_a_account_714","211060","Caja Chica por pagar","marcos_l10n_do.default_chart_a_account_60","account.data_account_type_payable","A pagar","False"
"marcos_l10n_do.default_chart_a_account_715","211070","Sueldo y Salarios por Pagar","marcos_l10n_do.default_chart_a_account_60","account.data_account_type_payable","Regular","False"
"marcos_l10n_do.default_chart_a_account_717","211080","Otras Cuentas Por Pagar","marcos_l10n_do.default_chart_a_account_60","account.data_account_type_payable","Regular","False"
"marcos_l10n_do.default_chart_a_account_718","211090","Cobros anticipados","marcos_l10n_do.default_chart_a_account_60","account.data_account_type_payable","Regular","False"
"marcos_l10n_do.default_chart_a_account_65","212","Retenciones por Pagar","marcos_l10n_do.default_chart_a_account_59","account.account_type_liability_view1","Vista","False"
"marcos_l10n_do.default_chart_a_account_70","201050","Retencion Empleados SFS","marcos_l10n_do.default_chart_a_account_65","account.data_account_type_payable","A pagar","False"
"marcos_l10n_do.default_chart_a_account_66","212010","Retención Empleados SVDS","marcos_l10n_do.default_chart_a_account_65","account.data_account_type_payable","A pagar","False"
"marcos_l10n_do.default_chart_a_account_67","212020","I.S.R.","marcos_l10n_do.default_chart_a_account_65","account.data_account_type_payable","A pagar","False"
"marcos_l10n_do.default_chart_a_account_723","212021","I.S.R. RETENCIONES DE ASALARIADOS","marcos_l10n_do.default_chart_a_account_65","account.data_account_type_payable","A pagar","False"
"marcos_l10n_do.default_chart_a_account_68","212030","Infotep","marcos_l10n_do.default_chart_a_account_65","account.data_account_type_payable","A pagar","False"
"marcos_l10n_do.default_chart_a_account_69","212040","TSS","marcos_l10n_do.default_chart_a_account_65","account.data_account_type_payable","A pagar","False"
"marcos_l10n_do.default_chart_a_account_71","212060","ITBIS","marcos_l10n_do.default_chart_a_account_65","account.data_account_type_payable","Regular","False"
"marcos_l10n_do.default_chart_a_account_163","212061","ITBIS 18% retenido a personas fisicas","marcos_l10n_do.default_chart_a_account_65","account.data_account_type_payable","Regular","False"
"marcos_l10n_do.default_chart_a_account_712","212062","ISR 10% retenido a personas fisicas","marcos_l10n_do.default_chart_a_account_65","account.data_account_type_payable","Regular","False"
"marcos_l10n_do.default_chart_a_account_72","212070","Otras Retenciones","marcos_l10n_do.default_chart_a_account_65","account.data_account_type_payable","A pagar","False"
"marcos_l10n_do.default_chart_a_account_720","212080","Otros Impuestos Por Pagar","marcos_l10n_do.default_chart_a_account_65","account.data_account_type_payable","Regular","False"
"marcos_l10n_do.default_chart_a_account_73","3","Capital","marcos_l10n_do.default_chart_a_account_1","account.data_account_type_view","Vista","False"
"marcos_l10n_do.default_chart_a_account_74","31","Capital","marcos_l10n_do.default_chart_a_account_73","account.data_account_type_view","Vista","False"
"marcos_l10n_do.default_chart_a_account_75","311000","Capital Autorizado","marcos_l10n_do.default_chart_a_account_74","account.conf_account_type_equity","Regular","False"
"marcos_l10n_do.default_chart_a_account_76","312000","Acciones no emitidas","marcos_l10n_do.default_chart_a_account_74","account.conf_account_type_equity","Regular","False"
"marcos_l10n_do.default_chart_a_account_77","313000","Capital Social","marcos_l10n_do.default_chart_a_account_74","account.conf_account_type_equity","Regular","False"
"marcos_l10n_do.default_chart_a_account_78","32","Reservas","marcos_l10n_do.default_chart_a_account_73","account.data_account_type_view","Vista","False"
"marcos_l10n_do.default_chart_a_account_79","321000","Reserva Legal","marcos_l10n_do.default_chart_a_account_78","account.conf_account_type_equity","Regular","False"
"marcos_l10n_do.default_chart_a_account_80","322000","Reservas para Contingencias","marcos_l10n_do.default_chart_a_account_78","account.conf_account_type_equity","Regular","False"
"marcos_l10n_do.default_chart_a_account_81","33","Superavit","marcos_l10n_do.default_chart_a_account_73","account.data_account_type_view","Vista","False"
"marcos_l10n_do.default_chart_a_account_82","331000","Ganancias retenidas años anteriores","marcos_l10n_do.default_chart_a_account_81","account.conf_account_type_equity","Regular","False"
"marcos_l10n_do.default_chart_a_account_83","332000","Ajustes años anteriores","marcos_l10n_do.default_chart_a_account_81","account.conf_account_type_equity","Regular","False"
"marcos_l10n_do.default_chart_a_account_84","333000","Ganancia del periodo","marcos_l10n_do.default_chart_a_account_81","account.conf_account_type_equity","Regular","False"
"marcos_l10n_do.default_chart_a_account_85","4","Ingresos","marcos_l10n_do.default_chart_a_account_1","account.account_type_income_view1","Vista","False"
"marcos_l10n_do.default_chart_a_account_86","41","Ventas","marcos_l10n_do.default_chart_a_account_85","account.account_type_income_view1","Vista","False"
"marcos_l10n_do.default_chart_a_account_87","411000","Ventas","marcos_l10n_do.default_chart_a_account_86","account.data_account_type_income","Regular","False"
"marcos_l10n_do.default_chart_a_account_88","42","Otros Ingresos","marcos_l10n_do.default_chart_a_account_85","account.account_type_income_view1","Vista","False"
"marcos_l10n_do.default_chart_a_account_89","421000","Ingresos por Servicios","marcos_l10n_do.default_chart_a_account_88","account.data_account_type_income","Regular","False"
"marcos_l10n_do.default_chart_a_account_90","422000","Intereses Cobrados","marcos_l10n_do.default_chart_a_account_88","account.data_account_type_income","Regular","False"
"marcos_l10n_do.default_chart_a_account_91","423000","Donaciones","marcos_l10n_do.default_chart_a_account_88","account.data_account_type_income","Regular","False"
"marcos_l10n_do.default_chart_a_account_92","424000","Ingresos en Ventas de Activos Fijos","marcos_l10n_do.default_chart_a_account_88","account.data_account_type_income","Regular","False"
"marcos_l10n_do.default_chart_a_account_93","430000","Devoluciones en Ventas","marcos_l10n_do.default_chart_a_account_88","account.data_account_type_income","Regular","False"
"marcos_l10n_do.default_chart_a_account_94","440000","Descuentos en Ventas","marcos_l10n_do.default_chart_a_account_88","account.data_account_type_income","Regular","False"
"marcos_l10n_do.default_chart_a_account_148","450000","Ingresos por diferencia de cambio","marcos_l10n_do.default_chart_a_account_88","account.data_account_type_income","Regular","False"
"marcos_l10n_do.default_chart_a_account_724","460000","Otros Ingresos","marcos_l10n_do.default_chart_a_account_88","account.data_account_type_income","Regular","False"
"marcos_l10n_do.default_chart_a_account_95","5","Costos","marcos_l10n_do.default_chart_a_account_1","marcos_l10n_do.default_chart_a_type_11","Vista","False"
"marcos_l10n_do.default_chart_a_account_96","51","Costos de Produccion","marcos_l10n_do.default_chart_a_account_95","marcos_l10n_do.default_chart_a_type_11","Vista","False"
"marcos_l10n_do.default_chart_a_account_97","511000","Materiales Directos","marcos_l10n_do.default_chart_a_account_96","marcos_l10n_do.default_chart_a_type_9","Regular","False"
"marcos_l10n_do.default_chart_a_account_98","512000","Mano de Obra Directa","marcos_l10n_do.default_chart_a_account_96","marcos_l10n_do.default_chart_a_type_9","Regular","False"
"marcos_l10n_do.default_chart_a_account_99","513000","Costos Indirectos de Fabricacion","marcos_l10n_do.default_chart_a_account_96","marcos_l10n_do.default_chart_a_type_9","Regular","False"
"marcos_l10n_do.default_chart_a_account_100","52","Costos de Ventas","marcos_l10n_do.default_chart_a_account_95","marcos_l10n_do.default_chart_a_type_11","Vista","False"
"marcos_l10n_do.default_chart_a_account_101","521000","Compras de mercancias","marcos_l10n_do.default_chart_a_account_100","marcos_l10n_do.default_chart_a_type_9","Regular","False"
"marcos_l10n_do.default_chart_a_account_162","522000","Compras de mercancías en US","marcos_l10n_do.default_chart_a_account_100","marcos_l10n_do.default_chart_a_type_9","Regular","False"
"marcos_l10n_do.default_chart_a_account_102","523000","Devoluciones en compras","marcos_l10n_do.default_chart_a_account_100","marcos_l10n_do.default_chart_a_type_9","Regular","False"
"marcos_l10n_do.default_chart_a_account_103","524000","Descuentos en Compras","marcos_l10n_do.default_chart_a_account_100","marcos_l10n_do.default_chart_a_type_9","Regular","False"
"marcos_l10n_do.default_chart_a_account_104","525000","Transporte en Compras","marcos_l10n_do.default_chart_a_account_100","marcos_l10n_do.default_chart_a_type_9","Regular","False"
"marcos_l10n_do.default_chart_a_account_150","526000","Costo en ventas","marcos_l10n_do.default_chart_a_account_100","marcos_l10n_do.default_chart_a_type_9","Regular","False"
"marcos_l10n_do.default_chart_a_account_105","6","Gastos","marcos_l10n_do.default_chart_a_account_1","account.account_type_expense_view1","Vista","False"
"marcos_l10n_do.default_chart_a_account_106","61","Gastos Operacionales","marcos_l10n_do.default_chart_a_account_105","account.account_type_expense_view1","Vista","False"
"marcos_l10n_do.default_chart_a_account_706","611","Gastos Generales y Administrativos","marcos_l10n_do.default_chart_a_account_106","account.account_type_expense_view1","Vista","False"
"marcos_l10n_do.default_chart_a_account_506","6111","Gastos Funcionarios y Empleados","marcos_l10n_do.default_chart_a_account_706","account.account_type_expense_view1","Vista","False"
"marcos_l10n_do.default_chart_a_account_507","611110","Salarios","marcos_l10n_do.default_chart_a_account_506","account.data_account_type_expense","Regular","False"
"marcos_l10n_do.default_chart_a_account_516","611111","Infotep","marcos_l10n_do.default_chart_a_account_506","account.data_account_type_expense","Regular","False"
"marcos_l10n_do.default_chart_a_account_517","611112","Aporte Plan Básico de Salud (SFS)","marcos_l10n_do.default_chart_a_account_506","account.data_account_type_expense","Regular","False"
"marcos_l10n_do.default_chart_a_account_518","611113","Aporte Plan de Pensiones (AFP)","marcos_l10n_do.default_chart_a_account_506","account.data_account_type_expense","Regular","False"
"marcos_l10n_do.default_chart_a_account_519","611114","Aporte Riesgos Laborales (ARL) ","marcos_l10n_do.default_chart_a_account_506","account.data_account_type_expense","Regular","False"
"marcos_l10n_do.default_chart_a_account_520","611115","Seguro Medico y de Vida Privado","marcos_l10n_do.default_chart_a_account_506","account.data_account_type_expense","Regular","False"
"marcos_l10n_do.default_chart_a_account_521","611116","Uniforme","marcos_l10n_do.default_chart_a_account_506","account.data_account_type_expense","Regular","False"
"marcos_l10n_do.default_chart_a_account_522","611117","Dietas y Viáticos a Empleados","marcos_l10n_do.default_chart_a_account_506","account.data_account_type_expense","Regular","False"
"marcos_l10n_do.default_chart_a_account_523","611118","Actividades Sociales Empleados","marcos_l10n_do.default_chart_a_account_506","account.data_account_type_expense","Regular","False"
"marcos_l10n_do.default_chart_a_account_525","611120","Impuesto de Retribuciones Complementarias","marcos_l10n_do.default_chart_a_account_506","account.data_account_type_expense","Regular","False"
"marcos_l10n_do.default_chart_a_account_508","611121","Comisiones Funcionarios y Empleados","marcos_l10n_do.default_chart_a_account_506","account.data_account_type_expense","Regular","False"
"marcos_l10n_do.default_chart_a_account_526","611122","Otros Beneficios Empleados","marcos_l10n_do.default_chart_a_account_506","account.data_account_type_expense","Regular","False"
"marcos_l10n_do.default_chart_a_account_509","611123","Incentivos y Horas Extras","marcos_l10n_do.default_chart_a_account_506","account.data_account_type_expense","Regular","False"
"marcos_l10n_do.default_chart_a_account_510","611124","Bonificación","marcos_l10n_do.default_chart_a_account_506","account.data_account_type_expense","Regular","False"
"marcos_l10n_do.default_chart_a_account_511","611125","Salario de Navidad","marcos_l10n_do.default_chart_a_account_506","account.data_account_type_expense","Regular","False"
"marcos_l10n_do.default_chart_a_account_512","611126","Vacaciones","marcos_l10n_do.default_chart_a_account_506","account.data_account_type_expense","Regular","False"
"marcos_l10n_do.default_chart_a_account_513","611127","Preaviso y Cesantía","marcos_l10n_do.default_chart_a_account_506","account.data_account_type_expense","Regular","False"
"marcos_l10n_do.default_chart_a_account_514","611128","Compensación uso de vehículos","marcos_l10n_do.default_chart_a_account_506","account.data_account_type_expense","Regular","False"
"marcos_l10n_do.default_chart_a_account_515","611129","Entrenamiento y Capacitación","marcos_l10n_do.default_chart_a_account_506","account.data_account_type_expense","Regular","False"
"marcos_l10n_do.default_chart_a_account_524","611130","Gasto de Retribuciones Complementarias","marcos_l10n_do.default_chart_a_account_506","account.data_account_type_expense","Regular","False"
"marcos_l10n_do.default_chart_a_account_527","6112","Otros Gastos de Administración","marcos_l10n_do.default_chart_a_account_706","account.account_type_expense_view1","Vista","False"
"marcos_l10n_do.default_chart_a_account_528","61121","Agua, Luz y Basura","marcos_l10n_do.default_chart_a_account_527","account.data_account_type_expense","Regular","False"
"marcos_l10n_do.default_chart_a_account_529","61122","Telecomunicaciones","marcos_l10n_do.default_chart_a_account_527","account.data_account_type_expense","Regular","False"
"marcos_l10n_do.default_chart_a_account_721","61123","Otros Gastos Administrativos","marcos_l10n_do.default_chart_a_account_527","account.data_account_type_expense","Regular","False"
"marcos_l10n_do.default_chart_a_account_530","6113","Depreciación y Amortizaciones","marcos_l10n_do.default_chart_a_account_706","account.account_type_expense_view1","Vista","False"
"marcos_l10n_do.default_chart_a_account_531","61131","Depreciación Edificio","marcos_l10n_do.default_chart_a_account_530","account.data_account_type_expense","Regular","False"
"marcos_l10n_do.default_chart_a_account_532","61132","Depreciación Mobiliario y Equipos de Oficina","marcos_l10n_do.default_chart_a_account_530","account.data_account_type_expense","Regular","False"
"marcos_l10n_do.default_chart_a_account_533","61133","Depreciación Equipos de Cómputos y Telecomunicaciones","marcos_l10n_do.default_chart_a_account_530","account.data_account_type_expense","Regular","False"
"marcos_l10n_do.default_chart_a_account_534","61134","Depreciación Equipos de Transporte","marcos_l10n_do.default_chart_a_account_530","account.data_account_type_expense","Regular","False"
"marcos_l10n_do.default_chart_a_account_535","61135","Depreciación Maquinarias y Equipos","marcos_l10n_do.default_chart_a_account_530","account.data_account_type_expense","Regular","False"
"marcos_l10n_do.default_chart_a_account_536","61136","Depreciación Otros Activos","marcos_l10n_do.default_chart_a_account_530","account.data_account_type_expense","Regular","False"
"marcos_l10n_do.default_chart_a_account_537","61137","Amortización Mejoras en Propiedad Arrendada","marcos_l10n_do.default_chart_a_account_530","account.data_account_type_expense","Regular","False"
"marcos_l10n_do.default_chart_a_account_538","61138","Amortización Gastos de Organización y Constitución","marcos_l10n_do.default_chart_a_account_530","account.data_account_type_expense","Regular","False"
"marcos_l10n_do.default_chart_a_account_539","61139","Amortización Patentes y Derechos de Explotación","marcos_l10n_do.default_chart_a_account_530","account.data_account_type_expense","Regular","False"
"marcos_l10n_do.default_chart_a_account_541","6114","Alquileres","marcos_l10n_do.default_chart_a_account_706","account.account_type_expense_view1","Vista","False"
"marcos_l10n_do.default_chart_a_account_542","61141","Alquiler de Locales ","marcos_l10n_do.default_chart_a_account_541","account.data_account_type_expense","Regular","False"
"marcos_l10n_do.default_chart_a_account_543","61142","Alquiler de Equipos","marcos_l10n_do.default_chart_a_account_541","account.data_account_type_expense","Regular","False"
"marcos_l10n_do.default_chart_a_account_544","61143","Alquiler de Vehículos","marcos_l10n_do.default_chart_a_account_541","account.data_account_type_expense","Regular","False"
"marcos_l10n_do.default_chart_a_account_545","61144","Alquileres Generales","marcos_l10n_do.default_chart_a_account_541","account.data_account_type_expense","Regular","False"
"marcos_l10n_do.default_chart_a_account_546","6115","Honorarios por Servicios","marcos_l10n_do.default_chart_a_account_706","account.account_type_expense_view1","Vista","False"
"marcos_l10n_do.default_chart_a_account_547","611501","Honorarios por Servicios Profesionales Sociedades","marcos_l10n_do.default_chart_a_account_546","account.data_account_type_expense","Regular","False"
"marcos_l10n_do.default_chart_a_account_548","611502","Honorarios por Servicios Profesionales Personas Físicas","marcos_l10n_do.default_chart_a_account_546","account.data_account_type_expense","Regular","False"
"marcos_l10n_do.default_chart_a_account_549","611503","Comisiones por Venta a Terceros Personas Físicas","marcos_l10n_do.default_chart_a_account_546","account.data_account_type_expense","Regular","False"
"marcos_l10n_do.default_chart_a_account_550","611504","Transporte y Acarreo","marcos_l10n_do.default_chart_a_account_546","account.data_account_type_expense","Regular","False"
"marcos_l10n_do.default_chart_a_account_551","611505","Combustible y Lubricantes Vehículos","marcos_l10n_do.default_chart_a_account_546","account.data_account_type_expense","Regular","False"
"marcos_l10n_do.default_chart_a_account_552","611506","Combustible Planta Eléctrica","marcos_l10n_do.default_chart_a_account_546","account.data_account_type_expense","Regular","False"
"marcos_l10n_do.default_chart_a_account_553","611507","Estadía Hoteles","marcos_l10n_do.default_chart_a_account_546","account.data_account_type_expense","Regular","False"
"marcos_l10n_do.default_chart_a_account_554","611508","Gastos por Cuentas Malas","marcos_l10n_do.default_chart_a_account_546","account.data_account_type_expense","Regular","False"
"marcos_l10n_do.default_chart_a_account_555","611509","Reparaciones de Edificio","marcos_l10n_do.default_chart_a_account_546","account.data_account_type_expense","Regular","False"
"marcos_l10n_do.default_chart_a_account_556","611510","Reparaciones de Activos Fijos Categoría 2 y 3","marcos_l10n_do.default_chart_a_account_546","account.data_account_type_expense","Regular","False"
"marcos_l10n_do.default_chart_a_account_557","611511","Mantenimiento de Activos Fijos","marcos_l10n_do.default_chart_a_account_546","account.data_account_type_expense","Regular","False"
"marcos_l10n_do.default_chart_a_account_558","611512","Promociones","marcos_l10n_do.default_chart_a_account_546","account.data_account_type_expense","Regular","False"
"marcos_l10n_do.default_chart_a_account_559","611513","Publicidad","marcos_l10n_do.default_chart_a_account_546","account.data_account_type_expense","Regular","False"
"marcos_l10n_do.default_chart_a_account_560","611514","Viáticos y Representación","marcos_l10n_do.default_chart_a_account_546","account.data_account_type_expense","Regular","False"
"marcos_l10n_do.default_chart_a_account_561","611515","Patrocinio y aportes","marcos_l10n_do.default_chart_a_account_546","account.data_account_type_expense","Regular","False"
"marcos_l10n_do.default_chart_a_account_562","611516","Participación en concursos","marcos_l10n_do.default_chart_a_account_546","account.data_account_type_expense","Regular","False"
"marcos_l10n_do.default_chart_a_account_563","611517","Material Gastable y Papelería","marcos_l10n_do.default_chart_a_account_546","account.data_account_type_expense","Regular","False"
"marcos_l10n_do.default_chart_a_account_564","611518","Material de Limpieza","marcos_l10n_do.default_chart_a_account_546","account.data_account_type_expense","Regular","False"
"marcos_l10n_do.default_chart_a_account_565","611519","Atenciones a Clientes","marcos_l10n_do.default_chart_a_account_546","account.data_account_type_expense","Regular","False"
"marcos_l10n_do.default_chart_a_account_566","611520","Gastos de Correo y Envíos","marcos_l10n_do.default_chart_a_account_546","account.data_account_type_expense","Regular","False"
"marcos_l10n_do.default_chart_a_account_567","611521","Gastos Legales","marcos_l10n_do.default_chart_a_account_546","account.data_account_type_expense","Regular","False"
"marcos_l10n_do.default_chart_a_account_568","611522","Seguridad Electrónica","marcos_l10n_do.default_chart_a_account_546","account.data_account_type_expense","Regular","False"
"marcos_l10n_do.default_chart_a_account_569","611523","Guardianes y Vigilancia","marcos_l10n_do.default_chart_a_account_546","account.data_account_type_expense","Regular","False"
"marcos_l10n_do.default_chart_a_account_570","611524","Fumigación y Control de Plagas","marcos_l10n_do.default_chart_a_account_546","account.data_account_type_expense","Regular","False"
"marcos_l10n_do.default_chart_a_account_571","611525","Suscripciones y Membresías","marcos_l10n_do.default_chart_a_account_546","account.data_account_type_expense","Regular","False"
"marcos_l10n_do.default_chart_a_account_572","611526","Donaciones","marcos_l10n_do.default_chart_a_account_546","account.data_account_type_expense","Regular","False"
"marcos_l10n_do.default_chart_a_account_573","611527","Gastos de Representación","marcos_l10n_do.default_chart_a_account_546","account.data_account_type_expense","Regular","False"
"marcos_l10n_do.default_chart_a_account_574","611528","Pérdida por Obsolescencia de Inventarios","marcos_l10n_do.default_chart_a_account_546","account.data_account_type_expense","Regular","False"
"marcos_l10n_do.default_chart_a_account_575","611529","Pérdida en Venta de Inversiones","marcos_l10n_do.default_chart_a_account_546","account.data_account_type_expense","Regular","False"
"marcos_l10n_do.default_chart_a_account_576","611530","Pérdida en Venta de Activos Fijos","marcos_l10n_do.default_chart_a_account_546","account.data_account_type_expense","Regular","False"
"marcos_l10n_do.default_chart_a_account_577","611531","Pérdida en Venta de Terreno","marcos_l10n_do.default_chart_a_account_546","account.data_account_type_expense","Regular","False"
"marcos_l10n_do.default_chart_a_account_578","611532","Pérdida en Venta de Edificio","marcos_l10n_do.default_chart_a_account_546","account.data_account_type_expense","Regular","False"
"marcos_l10n_do.default_chart_a_account_579","611533","Pérdida en Venta de Mobiliario y Equipos de Oficina","marcos_l10n_do.default_chart_a_account_546","account.data_account_type_expense","Regular","False"
"marcos_l10n_do.default_chart_a_account_580","611534","Pérdida en Venta de Maquinarias y Equipos","marcos_l10n_do.default_chart_a_account_546","account.data_account_type_expense","Regular","False"
"marcos_l10n_do.default_chart_a_account_581","611535","Pérdida en Venta de Otros Activos Fijos","marcos_l10n_do.default_chart_a_account_546","account.data_account_type_expense","Regular","False"
"marcos_l10n_do.default_chart_a_account_582","611536","Pérdida en Participación Patrimonial en Subsidiarias","marcos_l10n_do.default_chart_a_account_546","account.data_account_type_expense","Regular","False"
"marcos_l10n_do.default_chart_a_account_583","611537","Pérdida en Indemnización de Seguros","marcos_l10n_do.default_chart_a_account_546","account.data_account_type_expense","Regular","False"
"marcos_l10n_do.default_chart_a_account_584","611538","Consulta de Datos e Formación Crediticia","marcos_l10n_do.default_chart_a_account_546","account.data_account_type_expense","Regular","False"
"marcos_l10n_do.default_chart_a_account_585","6116","Gastos No Deducible ISR","marcos_l10n_do.default_chart_a_account_706","account.account_type_expense_view1","Vista","False"
"marcos_l10n_do.default_chart_a_account_722","61160","Otras Deducciones Admitidas","marcos_l10n_do.default_chart_a_account_546","account.data_account_type_expense","Regular","False"
"marcos_l10n_do.default_chart_a_account_586","61161","Impuesto de Fiscalización","marcos_l10n_do.default_chart_a_account_585","account.data_account_type_expense","Regular","False"
"marcos_l10n_do.default_chart_a_account_587","61162","Retenciones de Impuesto sobre la Rentas Asumidas","marcos_l10n_do.default_chart_a_account_585","account.data_account_type_expense","Regular","False"
"marcos_l10n_do.default_chart_a_account_588","61163","Penalidades, Mora e Interés Indemnizatorios","marcos_l10n_do.default_chart_a_account_585","account.data_account_type_expense","Regular","False"
"marcos_l10n_do.default_chart_a_account_589","61164","Gastos Sin Comprobantes No Admitidos","marcos_l10n_do.default_chart_a_account_585","account.data_account_type_expense","Regular","False"
"marcos_l10n_do.default_chart_a_account_590","61165","Gastos de Años Anteriores No Admitidos","marcos_l10n_do.default_chart_a_account_585","account.data_account_type_expense","Regular","False"
"marcos_l10n_do.default_chart_a_account_591","61166","Otros Gastos No Deducible ISR","marcos_l10n_do.default_chart_a_account_585","account.data_account_type_expense","Regular","False"
"marcos_l10n_do.default_chart_a_account_592","61167","Otros Gastos Generales y Administrativos","marcos_l10n_do.default_chart_a_account_585","account.data_account_type_expense","Regular","False"
"marcos_l10n_do.default_chart_a_account_593","6117","Gastos Financieros","marcos_l10n_do.default_chart_a_account_706","account.account_type_expense_view1","Vista","False"
"marcos_l10n_do.default_chart_a_account_594","61171","Cargos Bancarios","marcos_l10n_do.default_chart_a_account_593","account.data_account_type_expense","Regular","False"
"marcos_l10n_do.default_chart_a_account_595","61172","Cargos Carnet","marcos_l10n_do.default_chart_a_account_593","account.data_account_type_expense","Regular","False"
"marcos_l10n_do.default_chart_a_account_596","61173","Pérdida en Ajuste por Tipo de Cambio","marcos_l10n_do.default_chart_a_account_593","account.data_account_type_expense","Regular","False"
"marcos_l10n_do.default_chart_a_account_597","61174","Intereses sobre Prestamos Bancarios","marcos_l10n_do.default_chart_a_account_593","account.data_account_type_expense","Regular","False"
"marcos_l10n_do.default_chart_a_account_598","61175","Intereses sobre Prestamos Particulares","marcos_l10n_do.default_chart_a_account_593","account.data_account_type_expense","Regular","False"
"marcos_l10n_do.default_chart_a_account_599","6118","Impuestos sobre la Renta","marcos_l10n_do.default_chart_a_account_706","account.account_type_expense_view1","Vista","False"
"marcos_l10n_do.default_chart_a_account_600","61181","Impuestos sobre la Renta Corrientes","marcos_l10n_do.default_chart_a_account_599","account.data_account_type_expense","Regular","False"
"marcos_l10n_do.default_chart_a_account_601","61182","Impuestos sobre Activos Corrientes","marcos_l10n_do.default_chart_a_account_599","account.data_account_type_expense","Regular","False"
"marcos_l10n_do.default_chart_a_account_602","61183","Impuestos Sobre la Renta Diferidos","marcos_l10n_do.default_chart_a_account_599","account.data_account_type_expense","Regular","False"
"marcos_l10n_do.default_chart_a_account_603","61184","Crédito Fiscal por Retención de Dividendos","marcos_l10n_do.default_chart_a_account_599","account.data_account_type_expense","Regular","False"
"marcos_l10n_do.default_chart_a_account_604","61185","Impuestos de años anteriores","marcos_l10n_do.default_chart_a_account_599","account.data_account_type_expense","Regular","False"
"marcos_l10n_do.default_chart_a_account_605","61186","Impuestos sobre Activos de años anteriores","marcos_l10n_do.default_chart_a_account_599","account.data_account_type_expense","Regular","False"
